{"cameraMode":{"drawMode":0,"name":"Shaded","section":"Shading Mode"},"sceneLighting":false,"audioPlay":false,"sceneViewState":{"showFog":false,"showMaterialUpdate":false,"showSkybox":false,"showFlares":false,"showImageEffects":false,"showParticleSystems":false},"in2DMode":false,"pivot":{"x":1.0800000429153443,"y":5.559999942779541,"z":2.490000009536743},"rotation":{"x":-0.2815650999546051,"y":-0.4858570098876953,"z":0.1688896268606186,"w":-0.8100249171257019},"size":6.394024848937988,"orthographic":false}