{"cameraMode":{"drawMode":0,"name":"Shaded","section":"Shading Mode"},"sceneLighting":false,"audioPlay":false,"sceneViewState":{"showFog":false,"showMaterialUpdate":false,"showSkybox":false,"showFlares":false,"showImageEffects":false,"showParticleSystems":false},"in2DMode":false,"pivot":{"x":-91.47953033447266,"y":2.0018181800842287,"z":9.33754825592041},"rotation":{"x":-0.2283298671245575,"y":0.3513191342353821,"z":-0.0887710452079773,"w":-0.9036371111869812},"size":18.18655776977539,"orthographic":false}