{"cameraMode":{"drawMode":0,"name":"Shaded","section":"Shading Mode"},"sceneLighting":false,"audioPlay":false,"sceneViewState":{"showFog":false,"showMaterialUpdate":false,"showSkybox":false,"showFlares":false,"showImageEffects":false,"showParticleSystems":false},"in2DMode":false,"pivot":{"x":-95.24952697753906,"y":1.0418181419372559,"z":5.197547912597656},"rotation":{"x":0.2052389532327652,"y":-0.6870511770248413,"z":0.21240580081939698,"w":0.6638684868812561},"size":18.186555862426759,"orthographic":false}