{"cameraMode":{"drawMode":0,"name":"Shaded","section":"Shading Mode"},"sceneLighting":false,"audioPlay":false,"sceneViewState":{"showFog":false,"showMaterialUpdate":false,"showSkybox":false,"showFlares":false,"showImageEffects":false,"showParticleSystems":false},"in2DMode":false,"pivot":{"x":-0.19399285316467286,"y":0.6983502507209778,"z":-0.10317623615264893},"rotation":{"x":0.05295597389340401,"y":0.8984043002128601,"z":-0.11298653483390808,"w":0.421069473028183},"size":7.756875991821289,"orthographic":false}