{"cameraMode":{"drawMode":0,"name":"Shaded","section":"Shading Mode"},"sceneLighting":false,"audioPlay":false,"sceneViewState":{"showFog":false,"showMaterialUpdate":false,"showSkybox":false,"showFlares":false,"showImageEffects":false,"showParticleSystems":false},"in2DMode":false,"pivot":{"x":-1.5002665519714356,"y":8.597023963928223,"z":-2.5725245475769045},"rotation":{"x":0.3865519165992737,"y":0.47254955768585207,"z":-0.24224549531936646,"w":0.7540502548217773},"size":18.760448455810548,"orthographic":false}