{"cameraMode":{"drawMode":0,"name":"Shaded","section":"Shading Mode"},"sceneLighting":false,"audioPlay":false,"sceneViewState":{"showFog":false,"showMaterialUpdate":false,"showSkybox":false,"showFlares":false,"showImageEffects":false,"showParticleSystems":false},"in2DMode":false,"pivot":{"x":10.830771446228028,"y":7.2579569816589359,"z":3.591437816619873},"rotation":{"x":0.2690872251987457,"y":-0.6950883865356445,"z":0.31972551345825198,"w":0.5849956274032593},"size":4.63509464263916,"orthographic":false}