{"cameraMode":{"drawMode":0,"name":"Shaded","section":"Shading Mode"},"sceneLighting":false,"audioPlay":false,"sceneViewState":{"showFog":false,"showMaterialUpdate":false,"showSkybox":false,"showFlares":false,"showImageEffects":false,"showParticleSystems":false},"in2DMode":false,"pivot":{"x":8.3100004196167,"y":10.359999656677246,"z":-17.416973114013673},"rotation":{"x":0.22409768402576447,"y":-0.6646990776062012,"z":0.21969902515411378,"w":0.6780027151107788},"size":3.394294261932373,"orthographic":false}