{"cameraMode":{"drawMode":0,"name":"Shaded","section":"Shading Mode"},"sceneLighting":false,"audioPlay":false,"sceneViewState":{"showFog":false,"showMaterialUpdate":false,"showSkybox":false,"showFlares":false,"showImageEffects":false,"showParticleSystems":false},"in2DMode":false,"pivot":{"x":-91.47953033447266,"y":1.0418181419372559,"z":9.33754825592041},"rotation":{"x":-0.42391595244407656,"y":0.19314296543598176,"z":-0.09304597973823548,"w":-0.8799622058868408},"size":3.904266595840454,"orthographic":false}