{"cameraMode":{"drawMode":0,"name":"Shaded","section":"Shading Mode"},"sceneLighting":false,"audioPlay":false,"sceneViewState":{"showFog":false,"showMaterialUpdate":false,"showSkybox":false,"showFlares":false,"showImageEffects":false,"showParticleSystems":false},"in2DMode":false,"pivot":{"x":-91.47953033447266,"y":2.0018181800842287,"z":9.33754825592041},"rotation":{"x":0.10098361223936081,"y":-0.07875141501426697,"z":0.00801435299217701,"w":0.9917340278625488},"size":18.18655776977539,"orthographic":false}