{"cameraMode":{"drawMode":0,"name":"Shaded","section":"Shading Mode"},"sceneLighting":false,"audioPlay":false,"sceneViewState":{"showFog":false,"showMaterialUpdate":false,"showSkybox":false,"showFlares":false,"showImageEffects":false,"showParticleSystems":false},"in2DMode":false,"pivot":{"x":-2.7880001068115236,"y":8.395000457763672,"z":-4.0879998207092289},"rotation":{"x":0.20545750856399537,"y":0.6993884444236755,"z":-0.22188089787960053,"w":0.6476202011108398},"size":22.0,"orthographic":false}