{"cameraMode":{"drawMode":0,"name":"Shaded","section":"Shading Mode"},"sceneLighting":false,"audioPlay":false,"sceneViewState":{"showFog":false,"showMaterialUpdate":false,"showSkybox":false,"showFlares":false,"showImageEffects":false,"showParticleSystems":false},"in2DMode":false,"pivot":{"x":-10.517277717590332,"y":-2.0234498977661135,"z":22.87831687927246},"rotation":{"x":-0.2981192171573639,"y":0.23179566860198975,"z":-0.07487421482801438,"w":-0.9229245185852051},"size":77.7264175415039,"orthographic":false}