{"cameraMode":{"drawMode":0,"name":"Shaded","section":"Shading Mode"},"sceneLighting":false,"audioPlay":false,"sceneViewState":{"showFog":false,"showMaterialUpdate":false,"showSkybox":false,"showFlares":false,"showImageEffects":false,"showParticleSystems":false},"in2DMode":false,"pivot":{"x":-8.789531707763672,"y":10.571817398071289,"z":-22.272451400756837},"rotation":{"x":-0.38803279399871828,"y":-0.4466927945613861,"z":0.22381214797496797,"w":-0.774470329284668},"size":18.186553955078126,"orthographic":false}