{"cameraMode":{"drawMode":0,"name":"Shaded","section":"Shading Mode"},"sceneLighting":false,"audioPlay":false,"sceneViewState":{"showFog":false,"showMaterialUpdate":false,"showSkybox":false,"showFlares":false,"showImageEffects":false,"showParticleSystems":false},"in2DMode":false,"pivot":{"x":-3.8126227855682375,"y":8.409964561462403,"z":-2.6156468391418459},"rotation":{"x":0.07072719931602478,"y":0.8784710168838501,"z":-0.1374257504940033,"w":0.4521068036556244},"size":1.8449031114578248,"orthographic":false}