{"cameraMode":{"drawMode":0,"name":"Shaded","section":"Shading Mode"},"sceneLighting":false,"audioPlay":false,"sceneViewState":{"showFog":false,"showMaterialUpdate":false,"showSkybox":false,"showFlares":false,"showImageEffects":false,"showParticleSystems":false},"in2DMode":false,"pivot":{"x":0.0000019073486328125,"y":13.282964706420899,"z":0.0},"rotation":{"x":0.3865519165992737,"y":0.47254955768585207,"z":-0.24224549531936646,"w":0.7540502548217773},"size":97.71005249023438,"orthographic":false}