{"cameraMode":{"drawMode":0,"name":"Shaded","section":"Shading Mode"},"sceneLighting":false,"audioPlay":false,"sceneViewState":{"showFog":false,"showMaterialUpdate":false,"showSkybox":false,"showFlares":false,"showImageEffects":false,"showParticleSystems":false},"in2DMode":false,"pivot":{"x":-5.957770347595215,"y":3.431955337524414,"z":-16.545087814331056},"rotation":{"x":0.26178690791130068,"y":-0.5903357267379761,"z":0.21056798100471497,"w":0.7339158654212952},"size":14.514335632324219,"orthographic":false}