{"cameraMode":{"drawMode":0,"name":"Shaded","section":"Shading Mode"},"sceneLighting":false,"audioPlay":false,"sceneViewState":{"showFog":false,"showMaterialUpdate":false,"showSkybox":false,"showFlares":false,"showImageEffects":false,"showParticleSystems":false},"in2DMode":false,"pivot":{"x":14.859999656677246,"y":9.819999694824219,"z":-9.43815803527832},"rotation":{"x":-0.007960465736687184,"y":0.9910972118377686,"z":-0.06974250078201294,"w":-0.11313292384147644},"size":3.0857222080230715,"orthographic":false}