{"cameraMode":{"drawMode":0,"name":"Shaded","section":"Shading Mode"},"sceneLighting":false,"audioPlay":false,"sceneViewState":{"showFog":false,"showMaterialUpdate":false,"showSkybox":false,"showFlares":false,"showImageEffects":false,"showParticleSystems":false},"in2DMode":false,"pivot":{"x":-2.368203639984131,"y":8.57905101776123,"z":-5.0917863845825199},"rotation":{"x":-0.15858960151672364,"y":0.8291628956794739,"z":-0.44893670082092287,"w":-0.29290640354156496},"size":1.10812509059906,"orthographic":false}