{"cameraMode":{"drawMode":0,"name":"Shaded","section":"Shading Mode"},"sceneLighting":false,"audioPlay":false,"sceneViewState":{"showFog":false,"showMaterialUpdate":false,"showSkybox":false,"showFlares":false,"showImageEffects":false,"showParticleSystems":false},"in2DMode":false,"pivot":{"x":12.369998931884766,"y":6.550000190734863,"z":-2.0300002098083498},"rotation":{"x":0.2052389532327652,"y":-0.6870511770248413,"z":0.21240580081939698,"w":0.6638684868812561},"size":21.05641746520996,"orthographic":false}