{"cameraMode":{"drawMode":0,"name":"Shaded","section":"Shading Mode"},"sceneLighting":false,"audioPlay":false,"sceneViewState":{"showFog":false,"showMaterialUpdate":false,"showSkybox":false,"showFlares":false,"showImageEffects":false,"showParticleSystems":false},"in2DMode":false,"pivot":{"x":-23.799999237060548,"y":6.619999885559082,"z":7.420000076293945},"rotation":{"x":-0.30599406361579897,"y":0.21933217346668244,"z":-0.072669118642807,"w":-0.92356938123703},"size":0.737008273601532,"orthographic":false}