{"cameraMode":{"drawMode":0,"name":"Shaded","section":"Shading Mode"},"sceneLighting":false,"audioPlay":false,"sceneViewState":{"showFog":false,"showMaterialUpdate":false,"showSkybox":false,"showFlares":false,"showImageEffects":false,"showParticleSystems":false},"in2DMode":false,"pivot":{"x":14.711891174316407,"y":3.3818182945251467,"z":6.297547817230225},"rotation":{"x":0.10098361223936081,"y":-0.07875141501426697,"z":0.00801435299217701,"w":0.9917340278625488},"size":18.186552047729493,"orthographic":false}