{"cameraMode":{"drawMode":0,"name":"Shaded","section":"Shading Mode"},"sceneLighting":false,"audioPlay":false,"sceneViewState":{"showFog":false,"showMaterialUpdate":false,"showSkybox":false,"showFlares":false,"showImageEffects":false,"showParticleSystems":false},"in2DMode":false,"pivot":{"x":-17.375659942626954,"y":3.3818182945251467,"z":-2.7024521827697756},"rotation":{"x":0.10098361223936081,"y":-0.07875141501426697,"z":0.00801435299217701,"w":0.9917340278625488},"size":19.00494956970215,"orthographic":false}