{"cameraMode":{"drawMode":0,"name":"Shaded","section":"Shading Mode"},"sceneLighting":false,"audioPlay":false,"sceneViewState":{"showFog":false,"showMaterialUpdate":false,"showSkybox":false,"showFlares":false,"showImageEffects":false,"showParticleSystems":false},"in2DMode":false,"pivot":{"x":6.559999942779541,"y":0.7400000095367432,"z":-9.020000457763672},"rotation":{"x":0.11693636327981949,"y":0.8828182220458984,"z":-0.3104197084903717,"w":0.3325621485710144},"size":4.883683681488037,"orthographic":false}