{"cameraMode":{"drawMode":0,"name":"Shaded","section":"Shading Mode"},"sceneLighting":false,"audioPlay":false,"sceneViewState":{"showFog":false,"showMaterialUpdate":false,"showSkybox":false,"showFlares":false,"showImageEffects":false,"showParticleSystems":false},"in2DMode":false,"pivot":{"x":-0.10000038146972656,"y":8.76076602935791,"z":-2.799999237060547},"rotation":{"x":0.2052389532327652,"y":-0.6870511770248413,"z":0.21240580081939698,"w":0.6638684868812561},"size":152.19239807128907,"orthographic":false}